Category,Task Type,Task Description,Priority,Timeline,Resources Required,Expected Outcome
RESEARCH TASKS,Technology Research,Study water recovery rates (70-90%) for home mist systems,High,3-6 months,"Research team, lab equipment",40-70% water savings validation
RESEARCH TASKS,Technology Research,Compare droplet size (1-5μm vs 10-50μm) and energy efficiency,High,2-4 months,"Technical analysis, testing",Optimal technology selection
RESEARCH TASKS,Technology Research,Research IoT integration for automated mist control,Medium,4-6 months,"IoT specialists, developers",Smart home compatibility
RESEARCH TASKS,Technology Research,Analyze pH (6.5-8.5) TDS (<500ppm) bacterial standards,High,2-3 months,"Water quality lab, testing",Home water quality standards
RESEARCH TASKS,Application Research,Study 70-85% water recovery for indoor humidification,High,3-4 months,"Home testing, data collection","$15-30/year savings validation"
RESEARCH TASKS,Application Research,Research 80-90% water recovery for hydroponic systems,Medium,4-6 months,"Agricultural specialists",15-25% yield improvement
RESEARCH TASKS,Application Research,Study 60-75% water recovery for patio misting,Medium,3-5 months,"HVAC specialists",30% efficiency improvement
RESEARCH TASKS,Application Research,Research 70-85% water recovery for greenhouse misting,Medium,4-6 months,"Agricultural engineers",20-30% crop yield improvement
RESEARCH TASKS,Economic Research,Analyze ROI for residential systems (2-6 years),High,2-3 months,"Economic analysts",Investment decision framework
RESEARCH TASKS,Economic Research,Study $1.2B addressable market for water recycling,Medium,3-4 months,"Market researchers",Market entry strategy
RESEARCH TASKS,Economic Research,Complete LCA for home mist systems,Medium,4-6 months,"LCA specialists",Sustainability metrics
IMPLEMENTATION TASKS,System Design,Design gravity/pump collection for home mist runoff,High,2-3 months,"Mechanical engineers",Collection efficiency >80%
IMPLEMENTATION TASKS,System Design,Design filtration (sand carbon membrane) for home use,High,3-4 months,"Water treatment engineers",Water quality compliance
IMPLEMENTATION TASKS,System Design,Design 10-20 gallon storage tanks for home systems,High,1-2 months,"Storage specialists",2-4 hour buffer capacity
IMPLEMENTATION TASKS,System Design,Design PLC/HMI control for automated operation,Medium,3-4 months,"Control engineers",Automated operation
IMPLEMENTATION TASKS,Component Development,Develop 1-5μm droplet generation for home use,High,4-6 months,"Ultrasonic specialists",Precise mist control
IMPLEMENTATION TASKS,Component Development,Develop multi-stage filtration (mechanical carbon UV),High,3-4 months,"Filtration engineers",99% contaminant removal
IMPLEMENTATION TASKS,Component Development,Develop 10-100 GPM pumps for home applications,Medium,2-3 months,"Pump manufacturers",Reliable water circulation
IMPLEMENTATION TASKS,Component Development,Develop pH chlorine temperature sensors,Medium,3-4 months,"Sensor specialists",Real-time water quality
IMPLEMENTATION TASKS,Integration Tasks,Integrate with existing home HVAC systems,Medium,2-3 months,"HVAC contractors",Seamless operation
IMPLEMENTATION TASKS,Integration Tasks,Integrate with home automation systems,Medium,3-4 months,"IoT developers",Smart control features
IMPLEMENTATION TASKS,Integration Tasks,Connect to home water supply and drainage,High,1-2 months,"Plumbers, contractors",Reliable water supply
IMPLEMENTATION TASKS,Integration Tasks,Install 120V/240V electrical connections,High,1-2 months,"Electricians",Safe electrical operation
IMPLEMENTATION TASKS,Testing & Validation,Test water treatment efficiency and quality,High,2-3 months,"Water quality lab",Treatment validation
IMPLEMENTATION TASKS,Testing & Validation,Install and test 3-5 pilot home systems,High,4-6 months,"Installation teams",Performance validation
IMPLEMENTATION TASKS,Testing & Validation,Monitor system performance for 6-12 months,High,6-12 months,"Monitoring specialists",Long-term reliability
IMPLEMENTATION TASKS,Testing & Validation,Test user interface and ease of operation,Medium,2-3 months,"UX designers",User satisfaction
NET ZERO TASKS,Energy Efficiency,Integrate solar panels for renewable energy,High,3-4 months,"Solar specialists",100% renewable operation
NET ZERO TASKS,Energy Efficiency,Develop battery storage for off-grid operation,Medium,4-6 months,"Battery specialists",24-hour operation capability
NET ZERO TASKS,Energy Efficiency,Optimize pump and treatment energy consumption,High,2-3 months,"Energy engineers",15-30% energy reduction
NET ZERO TASKS,Energy Efficiency,Develop AI-based energy optimization,Medium,4-6 months,"AI specialists",Predictive energy management
NET ZERO TASKS,Water Conservation,Implement 70-90% water recovery systems,High,3-4 months,"Water engineers",40-70% water savings
NET ZERO TASKS,Water Conservation,Integrate rainwater collection with mist systems,Medium,2-3 months,"Rainwater specialists",Additional water source
NET ZERO TASKS,Water Conservation,Use greywater for mist generation,Medium,3-4 months,"Water treatment engineers",Water reuse optimization
NET ZERO TASKS,Water Conservation,Continuous monitoring of water quality,High,2-3 months,"Sensor specialists",Water safety assurance
NET ZERO TASKS,Carbon Footprint,Measure and reduce system carbon footprint,High,2-3 months,"Carbon specialists",Carbon neutral operation
NET ZERO TASKS,Carbon Footprint,Use sustainable materials for system components,Medium,3-4 months,"Material specialists",Eco-friendly materials
NET ZERO TASKS,Carbon Footprint,Complete LCA for environmental impact,Medium,4-6 months,"LCA specialists",Environmental sustainability
NET ZERO TASKS,Carbon Footprint,Implement carbon offset programs,Low,2-3 months,"Carbon offset specialists",Net negative carbon impact
NET ZERO TASKS,Waste Reduction,Design system for zero waste operation,Medium,3-4 months,"Waste specialists",Zero waste achievement
NET ZERO TASKS,Waste Reduction,Implement component recycling programs,Medium,2-3 months,"Recycling specialists",Circular economy
NET ZERO TASKS,Waste Reduction,Minimize chemical usage in treatment,High,2-3 months,"Chemical engineers",Chemical-free operation
NET ZERO TASKS,Waste Reduction,Reduce maintenance waste and materials,Medium,2-3 months,"Maintenance specialists",Minimal waste maintenance
NET ZERO TASKS,Environmental Impact,Ensure system doesn't harm local ecosystems,Medium,2-3 months,"Environmental specialists",Ecosystem protection
NET ZERO TASKS,Environmental Impact,Improve indoor air quality through misting,High,1-2 months,"Air quality specialists",Healthier indoor environment
NET ZERO TASKS,Environmental Impact,Minimize system noise for residential use,Medium,1-2 months,"Acoustic specialists",Quiet operation
NET ZERO TASKS,Environmental Impact,Design aesthetically pleasing home integration,Low,2-3 months,"Design specialists",Seamless home integration